title,company,location,link
Python Software Engineer (40h/wk),Channable,"Utrecht, Netherlands",https://stackoverflow.com/jobs/458136/
Développeur-euse Fullstack (Python/Flask),Fintel SAS,"Marseille, France",https://stackoverflow.com/jobs/465113/
Senior Software Engineer - Python,YouGov,"Warsaw, Poland",https://stackoverflow.com/jobs/422635/
Lead Software Engineer - Join our growing team of 30+ software engineers,Tails.com,"Richmond, UK",https://stackoverflow.com/jobs/391983/
Backend Developer,Macabacus,"New York, NY",https://stackoverflow.com/jobs/456557/
Senior Backend Engineer (m/w/x) - remote possible,Jimdo,"Hamburg, Germany",https://stackoverflow.com/jobs/435270/
Backend Engineer - Working Student (m/f/d),Motius GmbH,"München, Deutschland",https://stackoverflow.com/jobs/456520/
Software Architect,Decodify.me LLC,No office location,https://stackoverflow.com/jobs/443400/
Senior Python Developer,YouGov,"Bengaluru, India",https://stackoverflow.com/jobs/400054/
Backend Software Engineer - SDVI Rally Core,SDVI,No office location,https://stackoverflow.com/jobs/451625/
Senior Software Developer Python (m/f/d),Ströer Online Marketing,"Hamburg, Deutschland",https://stackoverflow.com/jobs/462625/
Python Web Developer,RavenPack International SL.,"Marbella, Spain",https://stackoverflow.com/jobs/470988/
Fullstack Web Developer,Smart Energy Lab,"Lisbon, Portugal",https://stackoverflow.com/jobs/465125/
Senior Software Engineer,UCARE.AI,Singapore,https://stackoverflow.com/jobs/443245/
Python Software Engineer (40h/wk),Channable,"Utrecht, Netherlands",https://stackoverflow.com/jobs/265091/
API Software Engineer,ReCharge Payments,No office location,https://stackoverflow.com/jobs/469142/
Senior Backend Software Engineer (Python),"Curative, Inc",No office location,https://stackoverflow.com/jobs/408170/
Python / Java Software Engineering Lead,"JPMorgan Chase Bank, N.A.","Jersey City, NJ",https://stackoverflow.com/jobs/472255/
Python Developer,YouGov,No office location,https://stackoverflow.com/jobs/463034/
"Senior Software Engineer, Platform API",ReCharge Payments,No office location,https://stackoverflow.com/jobs/463333/
Technical Lead (Backend) (M/F/D),VMRay,"Bochum, Deutschland",https://stackoverflow.com/jobs/443585/
Principal Software Engineer,ReCharge Payments,No office location,https://stackoverflow.com/jobs/463336/
Python Software Engineering Manager,Tempo,"San Francisco, CA",https://stackoverflow.com/jobs/442823/
Back-End Engineer,Gorgias,No office location,https://stackoverflow.com/jobs/371615/
Staff Backend Engineer,"NuffSaid, Inc.","San Francisco, CA",https://stackoverflow.com/jobs/472186/
Full Stack Javascript Software Engineer,SDVI,No office location,https://stackoverflow.com/jobs/254207/
Senior Backend Engineer,"Find Your Info, Corp",No office location,https://stackoverflow.com/jobs/469150/
Python Back End Engineer,Tempo,"San Francisco, CA",https://stackoverflow.com/jobs/442822/
Solution Architect (M/F/X),QUAJOO GmbH,"Leipzig, Deutschland",https://stackoverflow.com/jobs/330065/
Full-Stack Python Engineer,Gorgias,"Paris, France",https://stackoverflow.com/jobs/333474/
Senior Python Developer - Quick Commerce (f/m/d),Delivery Hero SE,"Berlin, Germany",https://stackoverflow.com/jobs/450784/
Full Stack Software Engineer,kaliber.ai,"San Francisco, CA",https://stackoverflow.com/jobs/251476/
"Remote Senior Software Engineer, Python",Verys,"Santa Ana, CA",https://stackoverflow.com/jobs/469797/
Senior Backend Engineer,Penn Interactive Ventures,"Philadelphia, PA",https://stackoverflow.com/jobs/472047/
Technical Lead in Software Engineering,UCARE.AI,Singapore,https://stackoverflow.com/jobs/443246/
Senior Python Developer,scoutbee GmbH,"Berlin, Germany",https://stackoverflow.com/jobs/432930/
Full Stack Developer,OpsTalent,No office location,https://stackoverflow.com/jobs/463551/
Mid-Level Backend Software Engineer (Python / Django),"Tivix, Inc.","Wrocław, Poland",https://stackoverflow.com/jobs/420639/
Lead Developer Backend / Softwarearchitekt (m/w/d) Python/Django,Bundesdruckerei GmbH,"Hamburg, Deutschland",https://stackoverflow.com/jobs/468265/
Digital - API - Lead Software Engineer - SDKs and Connectors,FactSet,"Boston, MA",https://stackoverflow.com/jobs/465686/
Backend Engineer - Python (m/f/d),Laya Technologies,"München, Deutschland",https://stackoverflow.com/jobs/333801/
Software Engineer (Backend) (m/f/d),QuantCo,"Berlin, Germany",https://stackoverflow.com/jobs/409511/
(Senior) Full stack developer (m/f/d),appliedAI @ UnternehmerTUM GmbH,"Garching bei München, Deutschland",https://stackoverflow.com/jobs/357680/
Backend Python Developer (m/f/x),Alasco,"München, Germany",https://stackoverflow.com/jobs/388312/
Staff Backend Engineer,"NuffSaid, Inc.","San Francisco, CA",https://stackoverflow.com/jobs/472091/
Senior Backend Software Engineer,Cambly,"San Francisco, CA",https://stackoverflow.com/jobs/459158/
Softwareentwickler eMobility und IoT,beegy GmbH,"Mannheim, Deutschland",https://stackoverflow.com/jobs/462267/
Cloud Platform Software Engineer ( Platform / Back-end / Web) : CPD,Rakuten,"Tokyo, Japan",https://stackoverflow.com/jobs/360634/
Senior DevOps Engineer,Postscript,No office location,https://stackoverflow.com/jobs/469781/
Senior back-end engineer who loves Python and brains,QMENTA,"Barcelona, Spain",https://stackoverflow.com/jobs/454987/
Software Development Engineer in Test,SDVI,No office location,https://stackoverflow.com/jobs/219487/
Senior back-end engineer who loves Python and brains,QMENTA,"Barcelona, Spain",https://stackoverflow.com/jobs/454987/
Sr. Python Software Engineer,Global Reach Consulting LLC,"Reston, VA",https://stackoverflow.com/jobs/417839/
Full Stack Engineer,Balto Software,"St. Louis, MO",https://stackoverflow.com/jobs/455929/
Senior Software Feature Engineer,Lime,"Lund, Sweden",https://stackoverflow.com/jobs/427743/
Senior Software Engineer,HealthJoy,"Chicago, IL",https://stackoverflow.com/jobs/454589/
Python Developer suchen Kollegen (m/w/d),solute GmbH,"Karlsruhe, Deutschland",https://stackoverflow.com/jobs/284443/
"Python Developer, Full-Time Job in Bucharest",SkillValue,"Bucharest, Romania",https://stackoverflow.com/jobs/460151/
Python Full Stack Developer,"JPMorgan Chase Bank, N.A.","Hyderabad, India",https://stackoverflow.com/jobs/468299/
Python Backend Engineer,Skillhouse Staffing Solutions,"Tokyo, Japan",https://stackoverflow.com/jobs/465919/
Software Engineering Lead - Python\\Angular,"JPMorgan Chase Bank, N.A.","Hyderabad, India",https://stackoverflow.com/jobs/471764/
Independent & Self-motivated Senior Python Backend Developer,Seez,No office location,https://stackoverflow.com/jobs/394457/
Python Developer / Data-Engineer (m/w/d) Textanalyse,Bundesdruckerei GmbH,"Hamburg, Deutschland",https://stackoverflow.com/jobs/468266/
Python Software Developer,UBIMET GmbH,"Wien, Österreich",https://stackoverflow.com/jobs/412367/
Back-End Software Engineer - Labs Technology,Cloud Academy,"Milan, Italy",https://stackoverflow.com/jobs/470302/
Software Engineering- Python Developer,"JPMorgan Chase Bank, N.A.","Bengaluru, India",https://stackoverflow.com/jobs/469811/
"Software Development Manager, Platform API",ReCharge Payments,No office location,https://stackoverflow.com/jobs/463331/
Software Engineering,"JPMorgan Chase Bank, N.A.","Bengaluru, India",https://stackoverflow.com/jobs/469804/
Software Engineering,"JPMorgan Chase Bank, N.A.","Bengaluru, India",https://stackoverflow.com/jobs/469809/
Security Engineer,ReCharge Payments,No office location,https://stackoverflow.com/jobs/469143/
"Senior Back-end Engineer, Machine Learning",Cloud Academy,"Milan, Italy",https://stackoverflow.com/jobs/392936/
Looking for an Amazing Senior Python Developer,Tech9,"Pune, India",https://stackoverflow.com/jobs/468707/
Senior Superhero Python Developer to protect the Bank from counterparty risk,Deutsche BankviaJWiderberg Inc. DBA Insight Resource Group,"New York, NY",https://stackoverflow.com/jobs/453533/
Machine Learning Engineer,Olive,"Columbus, OH",https://stackoverflow.com/jobs/462270/
"Software Development Manager, Integrations",ReCharge Payments,No office location,https://stackoverflow.com/jobs/463332/
Software Engineering,"JPMorgan Chase Bank, N.A.","Mumbai, India",https://stackoverflow.com/jobs/471492/
Software Engineering,"JPMorgan Chase Bank, N.A.","Bengaluru, India",https://stackoverflow.com/jobs/469823/
Front-End Software Engineer - Javascript / React - Asset Management - VP,"JPMorgan Chase Bank, N.A.","London, UK",https://stackoverflow.com/jobs/465900/
Full Stack Engineer working with Data Scientists,HaysviaHays PLC,"Morrisville, NC",https://stackoverflow.com/jobs/363247/
Scrum Master part time,Grandperspective GmbH,"Berlin, Deutschland",https://stackoverflow.com/jobs/452953/
UI Software Engineer,"JPMorgan Chase Bank, N.A.","Jersey City, NJ",https://stackoverflow.com/jobs/470581/
Software Engineer - SDVI DevOps,SDVI,No office location,https://stackoverflow.com/jobs/451626/
DevOps Engineer (m/f/d),byrd technologies GmbH,"Berlin, Germany",https://stackoverflow.com/jobs/462716/
Java / Python Software Engineering Lead -VP,"JPMorgan Chase Bank, N.A.","Jersey City, NJ",https://stackoverflow.com/jobs/472252/
Senior Python Developer,DraftKings,"Sofia, Bulgaria",https://stackoverflow.com/jobs/468484/
Full Stack Python Engineer,kwalee Ltd,"Bengaluru, India",https://stackoverflow.com/jobs/415702/
Senior Software Engineering Manager,Ascend Analytics,"Boulder, CO",https://stackoverflow.com/jobs/443765/
Data Scientist,"WorkLLama, LLC","Alpharetta, GA",https://stackoverflow.com/jobs/460652/
Software Engineering - Java Full Stack Developer,"JPMorgan Chase Bank, N.A.","Bengaluru, India",https://stackoverflow.com/jobs/468553/
Software Engineering,"JPMorgan Chase Bank, N.A.","Bengaluru, India",https://stackoverflow.com/jobs/468556/
Python / Django Engineer,Potato,"London, UK",https://stackoverflow.com/jobs/463168/
Senior Cloud Software Engineer (SRE) - Vice President,"JPMorgan Chase Bank, N.A.","Plano, TX",https://stackoverflow.com/jobs/469842/
Python Engineer for Ancillaries Tribe,Kiwi.com,"Brno, Czechia",https://stackoverflow.com/jobs/451951/
SENIOR PYHTON DEVELOPER,FELFEL,"Zürich, Switzerland",https://stackoverflow.com/jobs/465685/
"PYTHON DEVELOPER Location: Zürich, Zurich, Switzerland",FELFEL,"Zürich, Switzerland",https://stackoverflow.com/jobs/465684/
Senior Front-End ReactJS Developer,Contrast Security,No office location,https://stackoverflow.com/jobs/456306/
Full Stack Engineer / Server Developer - help us create amazing games!,kwalee Ltd,No office location,https://stackoverflow.com/jobs/415698/
SENIOR FRONT-END SOFTWARE ENGINEER (TECHNOLOGY),FELFEL,"Zürich, Switzerland",https://stackoverflow.com/jobs/450802/
